storm_length,avg_lat,avg_lon
1,30.17,-94.4
1,30.17,-94.4
3,29.709999999999997,-95.10666666666667
5,32.86,-94.864
3,33.99333333333333,-102.41000000000001
6,32.361666666666665,-97.85833333333333
1,32.5,-94.68
7,33.042857142857144,-96.30142857142859
6,31.958333333333332,-99.06333333333333
2,33.675,-101.565
1,33.25,-101.68
7,32.06428571428571,-100.6942857142857
4,29.03,-96.93
1,27.7,-97.67
2,26.9,-99.275
1,26.5,-97.77
1,33.55,-101.92
1,27.3,-97.8
3,34.26,-101.84333333333332
1,26.12,-97.63
1,33.58,-102.33
1,34.2,-101.67
2,32.37,-99.0
1,33.75,-96.5
1,27.57,-97.78
1,27.77,-97.4
1,29.22,-100.53
3,30.103333333333335,-95.56333333333333
1,29.73,-93.98
1,29.4,-95.0
6,28.56333333333333,-97.86333333333334
2,29.675,-95.5
1,29.42,-95.23
1,34.33,-99.9
4,28.595,-97.6225
4,28.25,-97.705
1,31.67,-97.13
1,32.6,-97.32
2,31.385,-96.57499999999999
1,28.63,-96.65
2,27.71,-98.36500000000001
1,29.75,-95.32
2,29.46,-96.245
1,34.13,-98.22
1,29.83,-94.17
5,29.486,-94.872
3,32.24666666666667,-98.79333333333334
5,29.715999999999998,-95.904
4,31.96,-97.3075
2,29.88,-95.33
3,29.546666666666667,-94.40000000000002
7,32.41857142857143,-97.8542857142857
2,30.950000000000003,-97.035
11,29.75909090909091,-97.35090909090908
2,29.455,-95.03999999999999
7,33.471428571428575,-96.00428571428571
1,32.47,-96.82
1,36.35,-102.08
3,30.200000000000003,-97.88333333333333
1,31.42,-97.5
5,34.25,-102.67
5,35.424,-102.412
9,32.36777777777778,-97.37888888888888
2,33.150000000000006,-99.945
4,32.13,-97.18249999999999
5,32.327999999999996,-100.49600000000001
1,31.72,-97.6
6,31.82166666666667,-96.77166666666666
1,29.98,-95.25
3,31.929999999999996,-97.32
1,29.95,-93.95
2,30.87,-103.07
1,31.1,-99.47
1,33.83,-100.28
8,35.815,-101.5675
3,35.52333333333333,-102.26333333333332
7,36.10142857142857,-101.6442857142857
2,35.46,-101.975
2,32.480000000000004,-100.04
1,32.47,-98.68
1,29.35,-94.9
2,29.689999999999998,-95.16
3,31.423333333333332,-99.50666666666667
1,30.1,-93.72
1,29.35,-94.9
1,29.2,-99.6
1,27.42,-99.0
1,33.6,-99.42
1,29.67,-98.45
2,33.225,-96.465
1,29.78,-97.77
1,33.13,-97.02
1,29.83,-95.13
4,31.21,-97.64750000000001
1,29.97,-95.7
1,34.4,-101.72
6,32.68333333333334,-101.31666666666666
4,34.09,-101.86250000000001
1,34.37,-101.77
1,30.9,-94.0
1,29.75,-95.33
1,31.05,-97.47
1,33.7,-101.98
2,29.4,-94.9
2,27.259999999999998,-97.94
1,27.95,-97.93
1,28.77,-98.23
1,31.37,-94.73
1,30.88,-95.62
12,34.74916666666666,-101.83166666666665
2,32.685,-97.24000000000001
2,30.765,-97.16499999999999
1,33.12,-94.13
1,30.07,-96.78
2,31.964999999999996,-97.665
21,32.78904761904761,-96.6947619047619
1,29.53,-95.2
2,34.3,-99.725
1,29.58,-98.32
11,29.54454545454545,-95.80181818181819
1,32.62,-96.37
2,31.925,-97.025
1,32.17,-96.73
1,31.27,-94.83
1,31.92,-95.33
1,33.22,-98.17
3,32.556666666666665,-99.57666666666667
1,36.35,-102.12
5,28.756,-98.014
2,35.375,-100.525
2,30.025,-98.58
1,26.07,-97.42
1,35.05,-100.33
3,28.893333333333334,-99.26666666666667
4,29.040000000000003,-97.14500000000001
3,34.550000000000004,-102.32666666666667
6,34.20166666666666,-101.12166666666667
7,29.602857142857147,-95.08857142857143
4,32.64,-100.555
5,29.512,-97.364
2,31.42,-103.5
4,32.129999999999995,-98.38
1,32.35,-96.12
1,27.65,-97.28
1,34.37,-102.12
1,33.68,-101.98
2,33.68,-101.98
1,36.27,-101.37
1,29.6,-95.17
1,32.33,-101.8
3,34.95333333333333,-102.21
1,31.85,-102.37
2,33.504999999999995,-101.93
3,34.47666666666667,-102.13666666666667
1,32.2,-99.83
2,30.96,-94.96000000000001
1,28.67,-96.58
1,30.17,-94.1
1,30.22,-93.73
1,30.68,-94.98
2,34.224999999999994,-102.42
1,31.95,-106.05
1,29.52,-94.47
1,29.95,-93.97
2,29.270000000000003,-97.075
2,30.225,-97.375
1,34.73,-101.98
3,33.910000000000004,-99.26666666666665
1,33.28,-96.45
2,29.07,-97.19
1,33.67,-98.2
1,29.52,-95.1
2,30.285,-98.845
1,30.67,-94.0
1,29.85,-94.0
3,28.573333333333334,-96.60666666666667
2,31.134999999999998,-97.92
1,32.73,-97.12
7,31.56714285714286,-97.01714285714287
1,32.48,-94.28
1,28.62,-96.77
4,32.345,-97.0475
3,30.7,-94.00666666666666
11,31.319999999999997,-96.77454545454545
2,30.95,-94.065
1,32.53,-96.2
1,29.97,-95.72
1,31.62,-97.2
1,33.92,-98.52
2,31.560000000000002,-97.39
1,32.33,-96.5
11,32.02363636363636,-97.12909090909092
1,32.37,-100.87
10,32.362,-99.282
1,29.85,-94.17
1,33.22,-102.75
2,33.974999999999994,-102.56
2,35.34,-101.845
5,30.498,-98.68400000000001
1,29.93,-93.9
4,31.83,-99.81500000000001
5,33.304,-100.612
3,33.199999999999996,-97.17666666666666
1,29.8,-95.02
1,30.87,-103.02
1,35.4,-101.2
1,32.88,-96.77
7,32.86,-97.11857142857143
3,32.88,-97.71333333333332
1,31.85,-102.32
2,33.5,-102.4
3,33.699999999999996,-101.25666666666666
1,31.1,-97.33
1,31.32,-98.38
2,30.035,-94.58500000000001
1,30.4,-98.2
5,32.214000000000006,-95.49600000000001
1,30.75,-95.38
1,29.03,-95.23
2,29.735,-94.825
3,29.826666666666664,-94.84666666666668
6,28.5,-96.90833333333335
1,32.75,-97.33
2,29.685000000000002,-94.75
1,26.78,-97.6
1,34.62,-101.77
1,29.65,-97.0
1,29.68,-94.2
1,33.02,-99.83
1,30.42,-94.17
1,33.65,-102.05
1,35.6,-101.2
1,29.92,-94.03
1,32.72,-100.92
1,26.07,-97.37
2,27.6,-97.28
1,27.55,-97.7
1,33.53,-102.32
2,32.415,-97.08
1,30.07,-97.7
1,30.02,-94.03
1,30.33,-95.5
1,29.65,-97.27
1,32.95,-96.45
1,33.0,-96.72
1,30.63,-97.12
6,32.77833333333333,-95.58
1,30.15,-94.17
2,32.935,-96.34
1,30.33,-94.27
1,29.87,-96.45
1,31.3,-94.27
1,32.1,-94.6
1,30.07,-94.12
3,34.09666666666667,-101.93333333333334
5,31.218,-94.854
1,34.85,-100.3
2,32.620000000000005,-97.08
2,31.634999999999998,-97.24000000000001
1,32.13,-101.62
2,35.775000000000006,-100.93
1,34.02,-98.42
5,33.361999999999995,-95.94200000000001
1,31.42,-103.48
1,34.9,-100.27
3,29.613333333333333,-98.67999999999999
1,33.67,-95.38
3,32.623333333333335,-101.91666666666667
3,30.86,-99.28666666666668
1,27.77,-98.25
2,33.115,-97.175
1,31.48,-103.23
1,34.43,-100.42
2,34.394999999999996,-102.1
2,32.485,-97.93
1,34.0,-102.17
1,31.37,-100.62
2,29.725,-96.915
3,34.06333333333333,-101.95
6,33.831666666666656,-101.24000000000001
2,33.75,-99.74
4,34.0425,-98.635
1,35.27,-100.9
3,32.28333333333333,-102.48
2,31.5,-100.17500000000001
1,34.72,-100.53
2,33.17,-97.85
1,27.78,-97.95
1,29.78,-95.57
1,30.08,-93.78
1,31.93,-105.2
2,35.980000000000004,-102.06
1,29.9,-97.5
1,29.4,-94.8
2,33.400000000000006,-100.83500000000001
2,30.0,-95.64
1,30.07,-95.62
2,29.455,-95.59
1,27.63,-97.33
2,28.255,-96.83500000000001
8,30.3125,-94.75999999999999
6,32.22833333333333,-97.46999999999998
8,31.39,-96.1625
1,29.57,-95.07
1,33.1,-101.52
5,31.432,-94.458
2,33.64,-100.94999999999999
1,33.35,-99.62
1,32.27,-98.93
1,35.43,-100.82
4,34.71,-98.615
2,33.685,-96.67500000000001
1,32.35,-97.4
2,29.67,-94.15
9,30.63222222222222,-95.81555555555558
1,31.65,-100.18
1,30.18,-97.85
3,30.793333333333333,-97.94666666666667
4,28.9875,-98.31500000000001
3,31.393333333333334,-101.32333333333334
3,35.41,-101.56666666666666
5,32.568,-98.064
2,31.525,-95.725
4,29.3975,-99.17
1,31.12,-97.35
1,33.38,-100.32
5,33.525999999999996,-100.624
3,29.883333333333336,-97.95
1,29.58,-97.8
3,32.28333333333333,-99.24000000000001
1,33.67,-97.92
4,35.07,-101.87
5,31.689999999999998,-97.052
5,32.36399999999999,-98.11600000000001
2,32.745000000000005,-98.41
4,28.025000000000002,-96.11999999999999
1,34.5,-101.47
1,29.45,-95.13
1,28.83,-95.65
2,36.16,-101.34
1,28.95,-95.33
1,29.73,-95.37
1,25.95,-97.5
1,26.08,-98.17
1,32.1,-96.47
2,31.485,-96.125
1,35.88,-101.52
1,29.95,-95.7
1,33.17,-101.8
1,32.92,-96.5
1,32.32,-94.92
1,28.7,-96.15
2,28.674999999999997,-96.84
1,28.2,-97.75
1,28.85,-97.08
1,33.22,-97.8
1,28.85,-96.87
1,30.53,-95.05
1,32.13,-96.95
1,32.87,-95.17
1,29.02,-96.5
1,31.6,-94.85
1,31.72,-94.23
1,30.18,-97.63
2,29.37,-95.35
1,32.53,-96.87
1,31.97,-102.17
9,30.34444444444445,-96.96666666666667
7,33.222857142857144,-99.7942857142857
2,33.28,-101.115
17,33.474705882352936,-99.72882352941176
4,33.690000000000005,-99.19
1,28.7,-97.27
12,32.93416666666667,-98.2475
5,31.196000000000005,-96.672
1,31.25,-103.78
1,31.87,-102.2
1,36.07,-101.97
2,29.65,-98.9
1,28.25,-97.68
4,32.482499999999995,-99.2875
6,28.968333333333334,-96.46333333333332
2,29.735,-95.0
6,31.91,-96.86666666666666
2,32.335,-94.65
5,30.895999999999997,-98.346
7,31.62,-97.82428571428571
19,31.72052631578947,-97.53105263157893
7,33.36857142857143,-98.36285714285714
6,31.343333333333334,-97.64166666666667
1,26.0,-97.15
1,30.0,-93.93
1,30.88,-103.57
2,32.129999999999995,-97.265
1,35.22,-101.72
1,33.38,-99.7
1,32.48,-96.42
3,28.316666666666666,-96.87666666666667
3,32.9,-97.00999999999999
1,29.88,-93.98
3,27.526666666666667,-97.55666666666667
2,27.875,-97.275
3,28.21666666666667,-97.02666666666666
2,30.435000000000002,-103.75999999999999
1,33.63,-101.33
1,31.97,-94.85
1,27.78,-97.42
1,27.78,-97.9
1,26.27,-97.6
1,30.6,-97.42
1,30.08,-95.42
2,30.935000000000002,-96.63499999999999
1,33.48,-97.08
1,29.5,-95.05
1,27.58,-97.17
3,29.94333333333333,-96.37333333333333
1,31.72,-99.95
1,29.05,-99.58
2,33.57,-97.22
1,32.2,-95.9
1,32.4,-94.22
1,33.2,-96.72
1,29.65,-98.22
4,30.365,-100.85249999999999
4,29.6075,-96.94
8,33.4025,-96.00625
13,32.90538461538461,-102.08230769230771
3,32.22666666666667,-98.59666666666668
1,26.08,-97.68
3,30.573333333333334,-96.79
2,33.785,-102.19
7,33.64714285714286,-100.0257142857143
1,32.6,-94.62
1,32.35,-97.95
1,29.58,-98.92
2,35.775,-101.93
2,35.010000000000005,-100.34
8,34.99125,-101.40125
6,33.583333333333336,-101.14166666666667
10,33.831,-100.878
3,30.44333333333333,-99.55
2,35.165,-101.88499999999999
1,31.78,-102.2
1,31.63,-100.23
2,32.745000000000005,-96.41499999999999
1,36.05,-102.0
1,31.17,-103.0
1,29.38,-94.88
1,36.42,-101.88
2,32.3,-96.065
1,33.23,-97.57
1,36.4,-101.52
2,32.1,-96.375
1,34.68,-102.1
1,31.45,-102.9
2,30.685000000000002,-97.075
2,29.985,-98.085
2,30.395,-95.96000000000001
2,33.445,-97.695
2,32.02,-97.42
1,31.13,-97.92
1,32.2,-95.25
2,31.525,-96.315
4,29.807499999999997,-95.99999999999999
3,29.686666666666667,-95.55999999999999
1,32.4,-94.93
3,34.39333333333334,-99.87333333333333
2,34.05,-101.23
1,31.28,-103.0
7,33.85000000000001,-101.64571428571428
4,32.5775,-101.17500000000001
6,31.521666666666665,-96.795
1,29.3,-97.3
1,32.73,-94.93
9,32.916666666666664,-98.46777777777778
5,31.677999999999997,-100.278
1,36.43,-100.32
1,36.42,-102.07
3,35.00666666666667,-100.42
17,32.34294117647058,-95.71588235294118
4,31.6575,-95.68749999999999
1,32.87,-98.9
1,31.83,-99.52
1,33.98,-99.73
4,34.29750000000001,-101.0925
1,35.22,-100.25
4,33.162499999999994,-102.2125
10,33.98500000000001,-101.751
2,34.72,-100.505
7,32.39714285714286,-98.95142857142856
1,29.8,-95.27
2,34.760000000000005,-102.575
1,34.17,-102.9
4,34.504999999999995,-102.2225
1,29.92,-95.62
3,32.92666666666666,-95.91000000000001
1,32.97,-95.57
1,36.47,-102.12
2,32.875,-100.685
1,33.67,-101.08
2,29.95,-93.99000000000001
1,30.02,-95.27
1,33.97,-103.0
1,30.77,-98.77
1,29.35,-95.03
2,29.565,-97.71000000000001
1,27.88,-97.32
2,33.675,-101.52000000000001
1,27.67,-97.8
1,27.85,-97.58
1,33.18,-101.55
1,30.48,-94.4
2,29.810000000000002,-95.91
2,29.595,-96.365
1,31.17,-93.58
1,29.38,-95.13
3,31.37,-94.74000000000001
1,29.23,-96.42
2,31.7,-95.74000000000001
5,30.962,-99.248
1,34.45,-101.3
7,34.191428571428574,-101.30857142857143
2,33.33,-95.975
4,32.9375,-101.64750000000001
1,32.0,-94.37
2,33.17,-97.0
2,32.125,-98.315
6,32.71,-94.67166666666667
1,34.53,-101.75
15,33.285999999999994,-99.34866666666669
4,32.93,-95.9
3,30.099999999999998,-95.54
1,29.73,-95.37
3,30.55,-99.96333333333332
2,30.96,-98.4
1,32.47,-100.1
17,32.834705882352935,-96.0235294117647
1,35.88,-100.38
2,31.915,-96.99
4,33.557500000000005,-100.11250000000001
3,32.806666666666665,-97.84999999999998
3,29.843333333333334,-94.93
1,35.47,-101.05
3,33.78,-98.65666666666668
1,32.1,-98.98
1,30.35,-94.8
1,29.48,-103.53
3,34.18333333333333,-101.84333333333332
4,32.8275,-98.05250000000001
3,33.68666666666666,-100.77333333333335
1,33.08,-99.73
2,32.805,-98.725
1,34.37,-101.57
1,35.37,-101.82
4,33.53,-100.70250000000001
1,33.63,-96.58
1,29.7,-95.12
1,32.08,-102.52
1,35.88,-100.37
2,36.2,-101.17
1,32.73,-99.87
1,29.4,-94.95
1,31.93,-102.12
1,32.18,-101.8
5,33.72,-100.33599999999998
1,36.42,-102.07
1,34.22,-102.73
3,29.55,-95.44
1,31.43,-97.75
2,30.175,-94.195
12,32.37583333333334,-97.92916666666667
1,33.57,-102.05
2,31.5,-94.69
1,34.4,-102.85
1,30.52,-97.53
1,31.6,-95.07
5,33.676,-101.452
1,32.28,-95.47
9,33.400000000000006,-98.38333333333334
2,31.759999999999998,-96.315
5,32.102,-94.34199999999998
5,33.756,-98.962
5,33.394,-98.916
5,32.516,-100.25800000000001
4,33.010000000000005,-98.45
2,32.705,-98.875
1,28.42,-97.8
1,30.95,-96.78
7,29.24428571428572,-97.99142857142859
1,30.1,-95.62
2,31.564999999999998,-101.775
3,33.24,-99.24333333333334
5,34.745999999999995,-102.106
10,34.69599999999999,-101.53400000000002
3,34.48,-99.76333333333332
1,36.07,-101.33
4,32.95,-102.135
1,33.68,-102.58
1,32.83,-102.07
10,31.435999999999996,-97.26199999999999
2,29.015,-96.63499999999999
1,29.75,-94.95
1,30.13,-94.03
1,34.4,-103.02
1,34.55,-102.3
8,27.66375,-97.735
19,29.070526315789476,-97.9963157894737
2,28.47,-98.525
1,31.88,-94.9
1,31.3,-95.43
1,32.92,-99.43
1,29.4,-94.9
1,29.78,-96.2
1,30.08,-94.1
4,29.6075,-94.8525
1,29.57,-95.13
1,29.83,-94.78
3,32.72,-102.84999999999998
2,32.425,-95.60499999999999
2,33.525000000000006,-96.19
1,29.88,-95.57
1,33.47,-100.85
4,30.755,-96.385
3,32.82,-94.66666666666667
4,34.1075,-101.55499999999999
1,33.75,-99.22
1,33.75,-96.53
1,33.47,-94.05
4,31.42,-100.3475
1,32.83,-98.47
2,32.115,-101.065
2,29.905,-94.78
3,29.813333333333333,-95.78666666666668
1,29.57,-95.57
1,36.27,-101.38
10,33.363,-101.542
4,33.585,-98.34
15,31.416000000000004,-96.16266666666667
6,32.87,-95.58
6,31.14,-99.54666666666668
4,30.602500000000003,-97.5525
1,33.27,-97.33
3,31.53,-94.89999999999999
9,33.24444444444444,-100.64444444444445
4,34.25,-101.05499999999999
1,33.55,-102.4
2,30.964999999999996,-97.605
1,28.82,-96.13
4,34.5675,-100.35
4,35.347500000000004,-101.2175
6,32.196666666666665,-99.33999999999999
4,29.4875,-94.745
1,31.15,-94.0
2,32.290000000000006,-95.21
1,35.35,-101.28
1,30.28,-97.73
2,31.715,-98.225
1,27.5,-97.67
3,33.9,-101.99333333333334
1,32.1,-96.47
1,34.92,-102.2
1,29.73,-94.95
1,36.23,-102.23
1,28.2,-97.25
1,27.88,-97.58
1,32.3,-101.43
1,31.85,-102.37
4,27.067500000000003,-97.8075
6,28.713333333333335,-98.06500000000001
4,29.322499999999998,-95.48
1,29.87,-94.87
2,32.5,-102.225
1,34.73,-102.5
1,33.82,-100.52
2,29.35,-96.82499999999999
1,29.57,-95.12
14,32.485,-96.78
1,30.22,-95.78
1,31.65,-102.37
2,33.004999999999995,-96.85
1,28.82,-97.03
1,28.83,-97.43
2,32.519999999999996,-97.535
1,30.97,-97.73
5,32.192,-99.194
1,36.02,-101.73
8,33.52125,-95.5325
1,31.83,-99.67
1,32.95,-95.45
4,31.5725,-98.365
4,31.775,-94.55000000000001
2,30.42,-98.16499999999999
6,33.471666666666664,-95.04166666666667
1,32.82,-97.15
1,34.37,-101.05
4,31.3975,-101.33250000000001
4,29.4675,-95.77000000000001
6,35.30666666666667,-101.98166666666667
13,33.45538461538461,-99.87461538461538
35,32.256571428571434,-99.53714285714285
12,29.923333333333332,-95.39083333333332
6,34.095,-100.72833333333334
3,34.06333333333333,-101.16666666666667
4,34.2925,-101.27499999999999
10,35.61800000000001,-100.796
2,32.785,-102.0
6,33.485,-98.83333333333333
2,33.769999999999996,-102.01
1,32.52,-100.57
10,33.094,-100.553
4,33.8,-100.22999999999999
2,33.195,-98.1
1,35.67,-101.38
2,34.115,-101.565
1,32.08,-101.47
5,34.048,-102.32600000000001
3,32.26666666666667,-100.82333333333334
1,31.97,-104.53
3,36.013333333333335,-100.89999999999999
3,32.32666666666667,-97.86000000000001
4,32.332499999999996,-101.1325
2,31.155,-100.64
1,32.35,-98.02
1,30.12,-97.93
3,34.18666666666667,-101.44666666666667
1,35.23,-100.6
2,31.365000000000002,-97.7
1,31.07,-95.13
1,31.85,-102.52
1,29.97,-94.02
1,29.78,-94.38
1,33.1,-96.68
1,30.0,-95.25
1,30.65,-94.93
1,32.72,-102.65
3,33.56,-96.42333333333333
1,33.15,-94.13
5,29.689999999999998,-95.572
7,30.054285714285715,-95.33428571428571
8,33.2475,-98.27875
6,31.015,-96.97333333333334
1,26.05,-98.32
1,29.05,-95.58
1,27.98,-97.38
4,29.485,-95.55
2,32.36,-99.3
1,29.82,-95.05
1,33.6,-96.92
1,28.95,-97.23
2,32.83,-99.94999999999999
1,34.12,-100.18
4,34.7325,-100.57
3,33.18,-99.15333333333332
2,30.975,-96.5
2,30.910000000000004,-101.325
25,30.6052,-96.1824
11,29.947272727272733,-95.72727272727273
2,33.125,-98.9
3,29.8,-99.07
1,36.02,-100.25
2,31.5,-102.16
1,32.47,-96.98
2,32.135,-101.11
6,32.565,-98.22000000000001
2,32.035,-99.725
6,32.415,-99.93833333333333
3,28.383333333333336,-98.47000000000001
1,34.52,-102.9
6,33.88666666666667,-102.38833333333334
2,35.7,-101.53999999999999
1,36.27,-101.65
2,35.615,-100.88
1,36.48,-100.8
1,31.6,-101.9
2,34.415,-99.675
1,34.15,-96.32
1,32.25,-100.5
1,32.15,-101.58
1,27.88,-98.93
2,29.41,-95.38499999999999
6,29.548333333333332,-95.10166666666667
16,29.81125,-95.480625
1,30.9,-94.15
1,26.53,-98.48
1,30.52,-97.42
1,30.12,-94.02
1,27.45,-97.28
2,25.965,-97.5
1,30.4,-96.23
1,32.35,-96.68
1,30.13,-93.77
2,29.33,-95.02
12,30.6225,-95.22000000000001
2,29.735,-94.43
3,31.886666666666667,-96.01666666666667
6,29.441666666666663,-97.32499999999999
4,32.472500000000004,-97.05499999999999
1,28.8,-96.98
2,33.025000000000006,-97.385
2,32.85,-96.525
4,32.1675,-96.39250000000001
9,32.111111111111114,-99.74333333333333
1,30.92,-94.0
5,32.068,-94.434
2,33.95,-96.56
1,32.02,-94.27
1,34.05,-100.92
10,32.91199999999999,-94.96099999999998
1,29.42,-98.55
2,32.84,-102.26
2,30.865000000000002,-97.3
2,30.645000000000003,-94.59
1,30.88,-102.87
2,31.36,-100.38499999999999
2,31.86,-99.465
2,30.7,-98.13499999999999
4,35.28,-101.31
3,33.43333333333333,-102.53333333333332
1,33.47,-101.7
4,34.915,-100.34500000000001
1,32.9,-97.85
1,32.3,-100.85
2,33.59,-100.66
1,31.62,-94.67
1,29.32,-94.77
1,31.68,-99.43
3,33.28,-94.97333333333334
1,31.75,-93.88
1,29.62,-95.25
1,32.72,-96.63
3,29.376666666666665,-95.31
1,34.13,-101.32
4,32.38,-99.2725
3,33.67000000000001,-102.61666666666667
1,33.88,-99.1
6,32.87833333333333,-99.41666666666667
5,31.881999999999998,-96.14199999999998
1,32.6,-94.4
1,35.37,-100.97
3,32.300000000000004,-97.87333333333333
20,32.292500000000004,-99.745
1,32.42,-97.72
1,32.8,-97.83
1,32.28,-98.68
9,32.29333333333333,-97.7
1,33.27,-101.72
1,29.42,-94.78
1,32.08,-100.48
10,33.563,-100.596
1,32.93,-102.8
1,32.0,-101.97
2,33.835,-101.98
1,31.85,-102.37
1,31.78,-103.15
1,31.87,-104.38
1,32.72,-102.85
1,31.07,-103.02
2,33.04,-101.235
1,33.8,-102.77
1,31.85,-102.77
1,36.27,-100.8
1,31.25,-102.37
1,31.87,-97.07
1,33.13,-96.5
1,29.53,-95.98
2,30.53,-97.725
1,32.65,-97.93
11,31.99636363636364,-95.95545454545454
3,32.67333333333334,-98.53000000000002
1,31.25,-93.98
5,33.339999999999996,-95.01200000000001
2,33.59,-102.46000000000001
1,32.18,-98.2
12,32.27833333333333,-97.83
1,32.72,-100.43
1,34.1,-101.7
1,31.95,-99.57
8,35.05,-100.39375
1,32.08,-98.83
7,32.49857142857143,-100.46714285714286
6,34.50333333333334,-100.32833333333333
14,34.27571428571429,-100.26357142857145
6,30.583333333333332,-97.66833333333334
3,32.51666666666667,-101.18666666666667
1,33.38,-101.92
1,31.4,-100.5
3,33.24666666666666,-101.82666666666667
10,33.81099999999999,-99.73300000000002
2,34.835,-100.975
1,31.35,-94.6
3,32.593333333333334,-99.64333333333333
4,32.3425,-101.7625
1,35.97,-102.12
2,31.585,-100.015
1,35.05,-101.43
1,34.57,-102.32
1,31.1,-97.35
1,31.5,-94.35
1,32.0,-102.02
1,31.8,-99.08
1,33.68,-98.47
2,33.555,-102.35
1,32.07,-100.07
3,33.60666666666666,-101.21333333333332
2,31.759999999999998,-102.215
1,31.37,-102.35
1,26.2,-97.72
1,31.35,-94.55
1,30.62,-95.03
1,27.68,-97.92
1,31.6,-94.9
1,29.92,-94.25
2,32.635000000000005,-96.16499999999999
4,32.445,-95.3725
1,36.2,-100.32
2,29.765,-97.55
3,30.99,-100.37333333333333
1,35.53,-100.97
4,32.245000000000005,-103.1425
3,34.693333333333335,-101.05333333333333
16,34.82625,-101.625625
4,32.3725,-102.3425
4,31.75,-100.0825
7,32.69571428571429,-99.53285714285713
7,33.77142857142857,-102.16428571428571
2,34.2,-102.175
1,29.7,-103.67
7,34.151428571428575,-100.02142857142857
4,31.3575,-97.0125
1,34.18,-102.1
2,33.945,-100.61
1,32.88,-99.72
1,26.23,-98.27
1,31.13,-102.25
3,33.6,-95.92333333333333
1,36.4,-100.82
3,35.49,-101.31
1,34.77,-102.73
3,34.78666666666667,-102.27666666666666
3,36.10333333333333,-101.14666666666666
1,31.23,-95.95
1,34.17,-101.7
1,31.72,-98.95
1,33.08,-101.67
4,33.1875,-102.03
3,33.81666666666666,-99.86
1,34.05,-101.38
13,31.921538461538464,-95.44769230769231
1,29.35,-95.07
2,33.51,-97.15
4,31.545,-95.745
4,32.34,-95.0025
1,33.55,-95.97
3,32.31333333333333,-102.73333333333333
1,31.55,-99.48
2,31.05,-97.78999999999999
1,32.38,-102.48
1,32.32,-101.4
1,34.28,-101.9
4,34.7175,-102.78
2,32.595,-99.965
2,31.9,-98.63499999999999
1,31.72,-106.37
1,31.4,-102.73
1,30.95,-102.87
2,32.075,-99.0
3,34.300000000000004,-102.58333333333333
1,33.45,-101.98
1,33.62,-96.23
1,35.3,-101.38
1,35.2,-101.82
14,26.76142857142857,-97.83714285714287
26,30.26307692307692,-99.48192307692308
1,32.33,-98.2
4,32.2,-97.61499999999998
2,32.945,-95.85
4,32.3425,-94.7725
3,32.87,-95.05
1,32.15,-94.35
1,31.2,-97.3
2,28.91,-95.39
1,34.07,-101.37
4,32.5275,-98.095
1,32.72,-95.8
2,35.525000000000006,-101.94999999999999
2,31.975,-98.27000000000001
8,33.86625,-100.0625
1,30.02,-100.25
3,31.276666666666667,-102.74333333333334
6,33.790000000000006,-100.69333333333334
3,32.843333333333334,-99.77666666666666
5,31.516000000000002,-100.288
9,33.50000000000001,-101.30777777777777
16,33.050625,-100.75
15,31.978666666666662,-97.12399999999998
1,32.23,-99.5
1,34.02,-102.03
6,32.45166666666667,-101.47333333333334
4,32.69499999999999,-101.29249999999999
7,32.72714285714286,-102.25000000000001
4,32.37,-101.87
9,33.91111111111112,-101.63555555555556
15,32.355333333333334,-96.14266666666666
8,33.74,-101.3675
6,34.335,-101.24333333333334
3,34.86666666666667,-101.02999999999999
1,29.52,-94.48
1,29.42,-94.67
3,33.03333333333333,-102.36666666666667
2,35.5,-102.7
3,31.95,-102.17666666666666
5,29.514,-94.898
1,30.62,-94.83
1,25.92,-97.42
3,31.763333333333332,-95.22666666666667
1,31.55,-97.15
1,31.7,-94.83
1,30.47,-104.2
1,33.0,-98.97
3,31.97,-96.85333333333334
1,31.9,-99.87
14,32.622142857142855,-98.54857142857142
1,33.95,-98.7
1,31.95,-97.92
5,32.42400000000001,-100.29599999999999
3,33.583333333333336,-101.33666666666666
7,35.494285714285716,-100.3257142857143
10,32.714999999999996,-97.929
14,31.68642857142857,-95.7242857142857
1,31.97,-97.57
2,32.635,-95.09
3,31.603333333333335,-94.31333333333333
9,32.98222222222223,-99.95777777777778
8,33.28875,-94.54374999999999
2,31.035,-97.405
1,31.52,-97.2
1,28.45,-96.45
2,33.61,-98.235
5,33.581999999999994,-100.882
14,32.49142857142857,-94.52071428571426
14,35.74571428571428,-100.90357142857142
6,31.17833333333333,-102.21
12,35.36916666666666,-101.10083333333334
1,35.85,-100.72
1,32.73,-102.08
4,34.037499999999994,-100.815
1,31.75,-99.95
1,33.33,-102.83
1,32.88,-102.85
1,29.4,-98.83
1,31.9,-102.62
1,34.17,-101.43
11,29.566363636363636,-96.28545454545453
9,29.59222222222222,-95.83555555555556
1,32.37,-94.08
4,30.955,-95.05250000000001
1,32.35,-99.63
1,27.87,-97.33
1,29.73,-95.37
7,32.28,-97.55428571428571
4,32.195,-96.17249999999999
2,30.200000000000003,-97.125
1,32.07,-96.82
4,33.582499999999996,-100.56
8,32.699999999999996,-95.11125
2,33.385000000000005,-94.82499999999999
9,31.86888888888889,-96.77555555555556
1,26.18,-97.72
5,32.422,-100.258
4,31.525,-97.26249999999999
10,30.389999999999997,-96.40599999999999
3,26.956666666666667,-98.19
9,32.90888888888888,-101.83222222222224
1,29.67,-95.45
15,34.49266666666667,-102.554
8,34.39874999999999,-101.84625
3,35.14666666666667,-101.53333333333335
1,35.07,-100.25
1,31.02,-103.42
2,33.205,-102.32499999999999
2,35.849999999999994,-102.425
8,35.45875000000001,-101.52375
3,34.24,-100.43333333333334
6,32.685,-98.47333333333334
8,33.55,-101.54500000000002
5,30.822000000000003,-99.938
1,27.92,-97.35
1,30.98,-103.73
2,32.59,-100.815
4,29.25,-97.2825
2,28.37,-96.965
2,31.455,-102.1
2,34.269999999999996,-102.21000000000001
1,29.47,-101.0
1,29.32,-95.97
1,29.98,-98.08
1,27.6,-97.97
1,26.2,-97.62
1,28.65,-97.9
1,28.77,-96.55
1,29.75,-95.78
6,32.73166666666666,-102.20333333333333
4,32.057500000000005,-95.2425
4,29.3175,-95.3675
1,29.62,-95.75
3,31.736666666666665,-98.59333333333332
2,29.96,-95.58000000000001
2,33.675,-99.07499999999999
1,32.58,-94.17
1,33.63,-101.58
1,29.77,-94.68
2,34.515,-102.88
1,29.42,-98.5
4,34.175,-101.87499999999999
5,31.784,-102.66399999999999
6,35.093333333333334,-101.47166666666665
5,28.48,-96.544
1,29.73,-95.37
1,33.12,-97.68
1,29.3,-94.82
8,32.6725,-95.80250000000001
5,32.07,-100.556
2,26.205,-97.72
1,29.13,-98.2
2,30.915,-97.36500000000001
1,27.9,-97.53
2,31.95,-98.25
1,29.63,-98.32
5,32.044,-103.39999999999998
4,31.07,-102.89750000000001
3,34.086666666666666,-101.98333333333333
3,28.76666666666667,-96.58333333333333
5,32.727999999999994,-101.21200000000002
5,30.163999999999998,-96.794
1,27.83,-97.07
3,35.85333333333333,-102.10666666666667
1,33.83,-100.85
2,30.555,-99.71000000000001
3,32.843333333333334,-100.87333333333333
5,32.286,-102.45800000000001
12,33.36833333333333,-101.83583333333335
4,33.0925,-101.95
2,35.51,-101.395
1,34.98,-100.38
4,31.755000000000003,-106.1325
2,31.73,-102.59
12,34.971666666666664,-102.37833333333334
2,32.635,-99.475
7,30.495714285714286,-94.46571428571428
1,28.78,-96.98
1,30.15,-94.02
1,28.53,-96.85
1,29.85,-96.22
1,30.32,-95.65
2,27.915,-97.63
1,27.98,-97.93
1,32.6,-102.12
1,28.67,-98.53
2,30.810000000000002,-97.64
4,33.225,-95.5625
2,32.745000000000005,-97.67500000000001
1,33.23,-97.48
1,32.98,-96.12
1,31.68,-94.07
1,30.08,-94.1
3,29.316666666666663,-96.20666666666666
14,29.722142857142853,-95.39071428571427
1,33.43,-96.62
1,32.48,-95.35
4,30.285000000000004,-95.7275
1,28.72,-96.18
4,33.760000000000005,-100.65
1,34.27,-99.52
4,29.580000000000002,-95.745
2,27.435000000000002,-98.14500000000001
4,31.0875,-96.345
3,32.330000000000005,-96.97666666666667
3,35.26666666666667,-102.01
1,33.88,-98.87
1,36.32,-101.47
3,35.11666666666667,-100.21
9,33.65777777777778,-98.09111111111112
16,32.120000000000005,-96.7525
1,35.6,-100.17
5,28.962,-96.632
1,33.17,-99.82
2,29.689999999999998,-95.625
1,33.38,-96.3
1,28.02,-97.05
1,32.12,-99.08
1,29.57,-95.28
3,34.796666666666674,-102.18
1,30.73,-95.33
11,32.78181818181818,-97.39818181818183
1,33.07,-96.2
5,32.904,-99.916
4,32.1925,-97.35749999999999
9,32.68444444444444,-96.46000000000001
4,30.185000000000002,-99.27250000000001
1,31.87,-95.5
8,29.997500000000002,-95.05250000000001
1,32.92,-99.52
1,33.98,-98.5
2,28.34,-97.715
1,32.87,-98.17
1,29.42,-98.5
4,30.267500000000002,-95.95750000000001
1,32.05,-102.55
6,32.58833333333333,-96.96166666666666
29,33.18241379310345,-97.28689655172413
1,32.43,-97.55
10,32.114,-97.42599999999999
1,31.23,-96.27
6,32.615,-99.65166666666666
1,31.37,-103.73
6,32.188333333333325,-100.79166666666667
4,32.2075,-101.6625
29,30.138620689655177,-96.41379310344827
4,32.370000000000005,-95.89
1,29.4,-94.9
1,30.52,-102.87
7,33.10142857142857,-100.03857142857143
5,32.036,-99.682
3,32.23666666666667,-95.57333333333332
2,32.825,-97.85499999999999
19,32.58894736842105,-99.06631578947368
1,30.05,-94.88
1,27.78,-97.42
1,34.95,-101.2
1,31.7,-98.12
1,35.25,-102.47
1,26.48,-98.4
1,33.6,-95.82
2,29.71,-100.015
1,36.12,-100.02
1,33.17,-96.33
1,27.78,-97.77
1,26.18,-97.57
1,33.98,-99.72
1,30.42,-94.12
1,30.42,-97.0
1,28.98,-95.32
1,27.78,-97.57
1,33.18,-96.5
2,29.475,-95.33500000000001
3,29.50333333333333,-97.09333333333332
3,30.126666666666665,-96.43666666666667
6,32.665,-96.64166666666667
2,33.11,-96.08500000000001
3,31.88,-96.08666666666666
2,30.285,-95.775
1,32.75,-97.35
5,30.026,-95.78000000000002
1,30.28,-94.17
1,30.8,-94.42
2,32.465,-101.015
7,29.924285714285713,-96.00857142857141
3,33.550000000000004,-99.08333333333333
2,28.575,-96.38499999999999
2,31.04,-95.405
4,34.0625,-99.0975
26,32.96923076923077,-97.35615384615386
2,29.700000000000003,-95.195
1,33.63,-96.58
1,32.3,-102.05
20,32.2735,-98.8345
2,29.375,-100.915
6,31.473333333333333,-100.25666666666666
3,32.60666666666666,-102.26666666666667
2,35.4,-101.585
5,30.23,-95.126
5,35.46,-100.652
2,31.259999999999998,-100.56
1,30.07,-102.18
6,33.39666666666667,-101.44166666666668
1,27.52,-97.4
1,31.35,-100.27
1,35.35,-100.9
12,32.391666666666666,-100.37166666666667
11,34.33818181818182,-102.17545454545456
11,34.51090909090909,-100.38272727272728
11,34.02363636363637,-102.30454545454545
9,33.67666666666667,-100.67999999999999
20,35.453500000000005,-100.7535
15,33.61533333333334,-99.63133333333332
1,33.17,-102.27
1,28.95,-98.48
1,30.83,-98.23
4,34.427499999999995,-100.89
1,33.42,-97.67
1,35.8,-100.5
2,35.075,-101.475
2,29.65,-94.5
1,33.03,-97.77
1,27.78,-97.67
1,31.48,-103.78
1,27.87,-97.27
1,31.5,-94.78
1,30.0,-93.93
1,31.88,-104.65
1,33.37,-95.12
7,29.00142857142857,-96.22285714285714
2,30.765,-94.49000000000001
9,32.73444444444445,-96.6288888888889
1,32.35,-95.3
2,33.135,-95.21
3,31.156666666666666,-96.97333333333334
2,33.05,-97.55000000000001
2,32.28,-96.9
1,31.9,-94.4
10,33.65500000000001,-97.164
1,29.97,-95.7
5,31.839999999999996,-96.074
4,35.504999999999995,-100.455
3,31.24,-100.48
2,32.325,-100.91
8,36.03875,-101.05
11,34.25454545454546,-101.7609090909091
3,31.486666666666665,-100.22333333333331
3,32.373333333333335,-99.15666666666665
2,35.025,-101.06
4,35.1325,-101.47749999999999
1,33.22,-99.82
1,33.72,-95.47
1,34.97,-101.37
1,28.98,-96.65
1,34.6,-102.38
1,33.13,-96.12
1,28.37,-96.58
1,35.35,-100.4
2,29.189999999999998,-96.455
1,26.03,-97.52
1,26.13,-97.83
1,30.48,-103.98
2,35.010000000000005,-101.99
1,29.3,-94.82
1,33.78,-101.97
2,31.085,-99.6
3,29.926666666666666,-98.88999999999999
1,28.17,-97.75
6,34.78333333333333,-101.08
3,31.659999999999997,-97.68333333333332
15,29.863333333333337,-97.204
1,32.97,-95.13
1,29.42,-94.53
8,32.43875,-97.11375
2,33.155,-95.845
1,27.77,-98.07
1,30.93,-95.43
1,26.18,-97.7
1,31.57,-95.58
6,29.726666666666663,-95.145
1,29.3,-94.82
5,32.464000000000006,-97.64000000000001
1,31.07,-97.35
1,29.4,-95.83
2,28.485,-96.45
2,31.36,-100.355
1,27.63,-98.22
9,30.36555555555556,-96.55777777777777
18,32.97,-101.25055555555556
2,29.384999999999998,-95.715
1,33.22,-98.2
1,32.68,-102.02
2,35.315,-102.195
4,35.36,-100.7975
4,33.2475,-99.305
2,29.875,-98.575
3,30.983333333333334,-98.64333333333333
3,31.503333333333334,-99.78333333333335
2,30.1,-99.025
1,34.37,-102.0
1,28.12,-97.97
8,33.605,-97.35875
1,33.75,-96.73
20,30.819499999999998,-97.69800000000001
2,32.895,-98.79
3,35.15,-101.68
3,31.790000000000003,-98.24000000000001
1,30.5,-99.78
1,30.68,-104.5
1,31.18,-105.35
2,31.4,-105.14
2,30.335,-101.07
1,35.28,-101.37
11,34.7190909090909,-100.3290909090909
4,34.39,-99.4575
2,33.0,-95.965
8,34.5275,-101.3175
16,33.325625,-100.235625
1,27.8,-97.8
2,29.09,-96.465
1,32.1,-98.57
1,34.12,-102.85
1,29.9,-93.93
1,29.47,-95.35
2,33.435,-98.45
1,31.85,-99.95
1,31.07,-97.47
17,30.478823529411763,-95.45999999999998
1,33.63,-96.57
1,29.0,-95.32
2,31.33,-94.35
1,31.32,-97.07
7,31.909999999999997,-97.02428571428571
5,31.912,-95.60600000000001
12,30.482500000000005,-96.3225
1,32.68,-94.58
9,29.88888888888889,-95.68444444444445
3,29.383333333333336,-95.35000000000001
3,27.713333333333335,-98.35666666666667
2,29.225,-98.84
1,29.27,-97.6
2,32.425,-97.05000000000001
1,34.37,-101.62
1,34.18,-99.07
2,30.09,-97.99000000000001
9,33.04333333333333,-99.77000000000001
5,33.848,-100.33800000000001
4,31.88,-101.04249999999999
3,31.52333333333333,-100.25999999999999
4,29.7175,-97.00999999999999
1,32.73,-99.13
1,33.8,-97.75
1,30.5,-97.6
1,29.5,-97.43
1,32.73,-95.12
2,34.175,-102.35
1,29.5,-95.1
1,30.43,-98.03
2,29.064999999999998,-95.235
1,29.67,-95.02
1,27.78,-97.42
1,34.2,-101.7
3,33.19,-96.80666666666667
1,29.17,-95.37
1,30.7,-101.7
1,29.4,-95.83
12,30.686666666666667,-96.705
8,30.228749999999998,-94.80875
2,33.49,-102.8
2,33.085,-102.9
1,26.08,-97.47
13,30.307692307692307,-95.8369230769231
3,29.8,-94.31
2,31.96,-94.14500000000001
2,30.725,-93.98
5,31.022000000000002,-93.994
2,31.975,-97.26
6,30.168333333333333,-98.27
1,29.97,-95.7
3,28.80666666666667,-99.73
1,29.08,-95.33
1,33.17,-100.17
3,30.983333333333334,-95.00333333333333
1,31.78,-95.32
3,31.99,-101.57000000000001
1,30.32,-95.45
9,30.86888888888889,-96.30333333333334
5,32.568,-103.15799999999999
9,33.76444444444444,-102.35444444444445
1,32.27,-100.48
12,32.347500000000004,-95.70083333333334
3,32.583333333333336,-101.56
6,30.716666666666665,-94.09000000000002
4,30.9075,-99.025
3,33.546666666666674,-100.36000000000001
1,30.57,-100.8
6,34.985,-100.65500000000002
8,33.3675,-100.26875
3,31.44333333333333,-103.08333333333333
1,30.53,-93.97
3,29.42,-96.53666666666668
2,31.825,-101.30000000000001
2,32.230000000000004,-98.25
2,35.045,-101.425
1,32.85,-100.48
1,29.4,-94.9
1,29.73,-95.37
1,33.32,-99.75
5,33.278,-101.15
1,30.33,-95.48
2,35.405,-101.66499999999999
11,35.86181818181819,-101.44
1,29.4,-94.9
1,30.58,-104.0
1,30.58,-103.98
3,27.763333333333332,-97.66666666666667
2,26.175,-97.965
1,33.63,-99.57
1,31.65,-100.05
1,29.58,-96.33
1,33.3,-97.82
3,33.03333333333333,-94.50666666666666
5,31.464,-99.376
2,36.05,-100.38
1,32.63,-102.07
6,30.72666666666667,-97.67666666666666
1,26.63,-97.8
5,30.476,-97.748
18,31.663333333333338,-101.43
4,32.4925,-95.45750000000001
10,32.354,-97.05499999999999
1,31.73,-101.65
3,29.793333333333333,-94.23333333333333
1,31.2,-101.12
13,32.910769230769226,-94.65230769230769
14,33.56142857142857,-99.23214285714286
3,27.599999999999998,-97.18333333333334
1,31.87,-94.18
1,31.9,-97.37
5,29.432,-97.85
2,34.275000000000006,-102.1
4,33.225,-99.06249999999999
6,33.365,-97.32999999999998
1,33.47,-102.02
2,32.77,-97.8
2,36.015,-100.585
1,33.97,-98.68
2,35.595,-101.28999999999999
1,30.45,-102.87
1,33.92,-98.2
1,33.0,-95.25
1,27.82,-97.67
3,30.276666666666667,-97.8
2,32.285,-100.19
1,32.05,-102.08
2,30.335,-100.515
1,31.17,-94.83
3,30.51666666666667,-96.23333333333333
12,29.755833333333328,-97.00750000000001
1,30.32,-95.45
3,29.97666666666667,-94.97333333333331
1,27.67,-97.67
1,29.92,-98.52
1,32.25,-94.67
1,36.37,-102.98
1,36.35,-100.87
4,35.24,-100.3925
3,33.57666666666667,-97.32333333333332
1,32.25,-98.85
1,35.35,-101.43
2,33.989999999999995,-101.305
2,34.125,-102.525
3,32.44,-97.23666666666666
3,29.74,-98.14999999999999
2,31.020000000000003,-97.63499999999999
2,34.635000000000005,-102.61500000000001
1,35.77,-100.72
1,29.13,-98.08
2,26.225,-98.32499999999999
1,30.08,-100.22
1,28.7,-95.95
1,33.45,-102.33
12,34.90416666666666,-101.04083333333331
2,33.89,-98.46
1,26.08,-97.55
8,33.48875,-100.50375
1,26.5,-97.65
2,32.465,-100.53999999999999
1,32.42,-98.97
2,33.385000000000005,-102.525
1,33.62,-100.82
3,30.666666666666668,-97.59666666666665
1,29.78,-94.53
3,33.13999999999999,-96.83333333333333
4,32.1775,-99.3175
6,26.26833333333333,-97.77833333333332
2,35.24,-101.57
3,29.849999999999998,-94.91333333333334
17,31.032941176470587,-97.01588235294118
3,30.61,-94.86
1,33.73,-101.75
1,33.6,-102.1
23,29.514347826086954,-97.90521739130433
1,30.05,-94.88
2,29.025,-95.61500000000001
3,31.27,-95.16000000000001
15,29.796666666666667,-99.66799999999998
1,32.22,-99.8
23,31.31173913043478,-97.37913043478262
11,30.579090909090908,-100.05909090909091
1,30.9,-99.2
12,32.45,-97.14999999999999
1,33.15,-101.88
9,31.887777777777778,-100.27555555555556
19,34.95105263157895,-101.29421052631578
3,32.46666666666666,-99.98666666666668
2,32.36,-101.9
1,35.63,-101.98
1,35.67,-101.07
1,26.9,-99.23
4,35.89,-100.77
5,32.42,-99.952
3,31.64,-101.19
6,32.43333333333334,-101.50333333333333
1,31.08,-102.57
3,26.3,-97.80666666666667
3,33.400000000000006,-99.99333333333334
1,32.45,-99.87
1,31.87,-101.63
1,31.05,-104.62
1,32.2,-100.75
1,29.73,-95.37
1,35.02,-102.65
2,29.009999999999998,-95.625
3,29.27333333333333,-95.81
6,28.238333333333333,-97.88166666666666
1,31.08,-104.0
1,31.27,-102.68
3,29.826666666666664,-96.16666666666667
2,27.73,-97.62
3,30.076666666666668,-94.74666666666667
12,30.33916666666667,-96.08083333333333
10,30.144,-96.77199999999999
1,32.6,-98.18
1,30.22,-95.33
2,30.53,-98.325
2,31.45,-94.035
7,32.93714285714286,-98.95571428571428
4,31.805,-94.8125
5,34.422000000000004,-100.086
7,33.99,-100.29285714285716
2,32.075,-100.32499999999999
1,26.23,-98.45
6,33.12166666666666,-99.84166666666665
1,32.68,-95.45
4,32.98,-97.955
24,34.666666666666664,-100.59125
1,30.95,-95.83
7,34.33571428571429,-101.12714285714286
2,30.375,-96.53
12,32.56,-100.85000000000001
2,33.45,-102.83500000000001
4,31.14,-99.60249999999999
2,32.42,-100.04
3,31.59,-96.23
1,30.6,-96.33
2,28.89,-95.995
1,30.15,-96.27
1,29.28,-94.87
1,33.15,-96.83
1,27.72,-97.2
1,29.45,-96.32
2,28.66,-96.425
1,28.78,-96.67
1,29.35,-98.88
1,29.88,-95.57
1,32.15,-102.15
1,27.95,-97.67
1,32.4,-100.85
4,32.4725,-98.95
1,32.4,-100.68
7,29.595714285714287,-95.39
26,29.63884615384615,-95.28576923076922
1,30.08,-94.1
1,31.98,-99.63
1,30.6,-96.33
23,32.44304347826087,-98.94695652173914
1,30.6,-96.33
1,26.42,-99.1
4,31.525,-103.4325
1,28.03,-99.4
7,28.591428571428573,-96.72571428571429
1,29.7,-95.53
1,36.1,-100.8
6,33.12,-99.245
1,29.32,-100.5
1,34.33,-100.35
2,32.905,-98.94
3,30.02333333333333,-95.41333333333334
4,32.7925,-99.21249999999999
7,30.862857142857145,-98.61714285714285
3,32.54,-100.86333333333334
2,32.75,-100.44
9,30.37777777777778,-100.67444444444445
1,31.4,-95.3
2,32.775,-97.17500000000001
1,34.28,-100.05
6,31.664999999999996,-102.56333333333333
2,33.385,-97.19
4,29.752499999999998,-96.5375
1,32.17,-100.73
2,31.6,-101.33500000000001
2,35.69,-101.37
10,34.64900000000001,-101.643
1,31.03,-96.48
1,29.1,-96.23
1,30.9,-96.87
1,29.4,-98.07
1,29.93,-94.88
2,34.504999999999995,-102.38499999999999
2,30.835,-102.89
1,29.3,-94.82
1,29.53,-95.42
1,31.6,-103.7
1,34.07,-98.65
1,32.62,-101.07
9,29.959999999999997,-98.55444444444443
4,29.902500000000003,-95.33
2,29.0,-96.935
3,29.77,-95.38
34,30.140588235294118,-96.31941176470589
2,31.825000000000003,-99.155
4,33.019999999999996,-95.8375
2,30.310000000000002,-97.46000000000001
1,34.8,-100.9
1,31.4,-100.3
5,32.517999999999994,-97.136
9,34.111111111111114,-101.63444444444445
6,33.791666666666664,-99.93333333333332
3,31.086666666666662,-95.32333333333332
1,29.67,-95.52
7,31.97,-100.64571428571428
3,27.413333333333338,-98.27333333333333
1,31.38,-97.35
1,33.67,-98.82
10,32.546,-101.12599999999999
1,31.48,-95.47
8,33.405,-101.55375000000001
1,30.2,-102.78
9,34.81777777777778,-101.72111111111111
11,33.299090909090914,-100.7781818181818
1,35.72,-102.33
11,27.28727272727273,-98.2781818181818
1,31.85,-102.35
1,31.88,-105.48
3,26.30333333333333,-97.75
1,27.87,-97.68
1,33.85,-99.75
2,29.884999999999998,-95.425
1,29.7,-95.52
1,29.22,-99.72
3,33.71,-96.77666666666666
2,30.265,-98.50999999999999
1,29.48,-95.82
1,31.53,-103.13
1,27.38,-98.47
6,32.565000000000005,-97.96499999999999
8,30.583750000000002,-95.0025
5,33.025999999999996,-100.654
3,30.926666666666666,-99.45666666666666
18,32.39388888888888,-100.59499999999998
2,30.765,-97.97
5,33.596000000000004,-97.304
3,28.323333333333334,-96.8
2,29.915,-96.62
1,29.37,-95.08
3,33.45666666666667,-101.76666666666665
1,30.38,-95.72
5,35.946000000000005,-101.68599999999999
1,36.07,-102.68
1,28.1,-97.6
1,29.63,-94.38
1,34.77,-102.55
1,33.28,-101.83
1,34.72,-101.87
1,35.63,-101.62
9,29.550000000000004,-95.06666666666666
27,31.801111111111116,-96.8085185185185
1,31.19,-97.31
1,29.87,-97.93
1,35.28,-100.6
1,34.55,-100.43
1,28.44,-97.53
7,33.212857142857146,-102.73285714285714
1,35.22,-100.6
4,33.9725,-101.97
3,29.29666666666667,-99.08999999999999
2,32.495000000000005,-94.315
20,34.977500000000006,-100.929
10,31.572000000000003,-98.025
2,29.39,-96.91499999999999
1,32.7,-97.12
7,32.99,-97.59857142857143
7,33.7,-101.35857142857142
19,35.24894736842104,-101.76526315789474
7,31.580000000000002,-100.52285714285713
4,31.812499999999996,-98.04749999999999
3,30.076666666666668,-95.49333333333334
3,30.64,-104.12333333333333
3,31.383333333333336,-100.34666666666668
3,30.97,-99.27
6,31.781666666666666,-99.61
3,31.506666666666664,-95.79666666666667
3,35.25666666666667,-100.39666666666666
2,31.585,-100.685
3,33.04666666666667,-99.48
3,31.560000000000002,-99.87
14,36.11071428571428,-100.63857142857141
1,31.11,-97.71
2,33.835,-101.555
1,32.72,-102.39
7,33.755714285714284,-102.22571428571429
4,31.9875,-102.95250000000001
1,30.6,-101.25
1,31.09,-97.98
1,31.13,-105.25
2,32.35,-97.485
2,32.485,-97.035
1,30.75,-95.14
1,29.26,-94.94
1,29.37,-95.08
1,27.73,-97.45
1,29.5,-98.41
1,26.2,-98.23
1,29.44,-97.97
1,28.03,-97.37
1,33.37,-102.06
1,29.91,-98.73
1,34.08,-98.37
1,27.74,-97.96
1,26.15,-97.92
2,29.115000000000002,-97.365
4,32.425,-95.71
2,34.519999999999996,-101.94
1,28.07,-97.22
1,34.0,-102.05
2,27.869999999999997,-97.1
1,34.83,-101.97
1,30.41,-94.01
1,26.39,-97.77
1,30.61,-94.41
2,33.535,-101.755
1,32.24,-95.06
2,30.315,-94.41
2,32.92,-95.0
1,27.73,-97.38
2,27.994999999999997,-97.64500000000001
3,32.03,-99.89999999999999
3,31.05,-95.95666666666666
1,31.42,-93.85
2,32.455,-97.505
2,34.06,-98.955
1,31.44,-97.91
14,32.31857142857143,-99.31500000000001
7,32.36857142857143,-97.05857142857143
1,32.76,-97.6
18,32.6188888888889,-100.30055555555556
2,30.97,-97.47
1,36.39,-100.81
3,32.31333333333334,-95.05
2,31.34,-102.56
1,33.13,-102.47
4,31.759999999999998,-97.9575
12,32.065,-99.20666666666666
1,30.41,-93.93
3,35.79333333333333,-102.06
3,33.54,-100.96
3,32.620000000000005,-102.10333333333334
1,34.52,-100.98
1,35.11,-101.36
1,36.47,-100.65
1,34.22,-100.2
1,29.95,-96.04
2,29.325000000000003,-96.07
1,33.37,-102.18
1,33.18,-102.63
4,27.39,-97.555
2,29.205,-98.26
1,26.37,-97.78
1,30.75,-98.44
1,31.48,-94.52
3,32.35333333333333,-95.09333333333332
1,26.08,-97.25
2,33.64,-96.765
1,33.02,-95.21
4,33.30185,-97.0231
2,33.70505,-97.50630000000001
2,30.3905,-94.87885
5,32.863620000000004,-94.41116
1,31.9009,-101.761
1,33.7288,-97.7267
16,33.321525,-101.40174999999999
2,30.20935,-95.6765
8,30.70495,-96.3002875
4,30.916674999999998,-96.2047
11,34.033072727272724,-101.06863636363637
3,33.21986666666667,-99.86000000000001
4,33.185775,-95.035625
1,31.2,-95.18
2,33.68245,-94.7168
5,35.58128000000001,-100.87559999999999
3,31.868733333333335,-100.24143333333332
2,32.989999999999995,-101.318
3,28.021866666666668,-97.14903333333335
4,35.317474999999995,-102.25174999999999
1,35.35,-101.13
7,33.15741428571429,-96.16114285714286
8,31.922337499999998,-98.5454125
6,33.534483333333334,-100.4027
1,36.18,-100.66
1,33.3561,-101.982
1,32.4218,-94.1923
1,30.1199,-94.1726
1,33.5958,-101.893
2,28.634349999999998,-95.9718
1,26.46,-97.62
1,29.0587,-96.6232
3,32.6034,-94.29183333333333
1,33.4744,-94.4295
9,32.17111111111112,-94.66666666666667
2,31.235,-93.845
10,32.401050000000005,-95.17536
1,27.5211,-97.9681
2,35.080349999999996,-102.0925
10,34.88305,-100.7982
2,33.117450000000005,-94.20330000000001
3,32.70863333333333,-95.5945
1,33.0118,-94.2
5,31.76384,-102.32840000000002
12,35.22649166666667,-101.65016666666666
2,35.98995,-101.145
3,32.202666666666666,-96.77396666666665
2,30.8141,-103.2745
1,31.0092,-103.435
4,36.21000000000001,-101.2405
4,32.9481,-101.231375
5,29.076639999999998,-98.30508
1,29.7292,-94.9432
1,30.0104,-94.4157
2,31.382350000000002,-95.56540000000001
1,35.9042,-101.73
1,36.18,-100.53
2,33.000550000000004,-101.8895
1,29.3837,-96.1788
8,27.486925,-97.17505
2,27.81445,-97.5589
1,27.2929,-98.6688
1,25.9911,-97.2599
1,31.9283,-102.422
2,31.0968,-97.30930000000001
7,32.628328571428575,-96.71054285714287
1,28.2358,-97.3205
1,31.2061,-101.967
1,32.8035,-97.2013
6,32.8944,-95.47193333333333
1,27.7107,-97.9663
1,32.291,-94.6588
2,33.617850000000004,-95.4822
1,33.9016,-101.764
4,32.61135,-96.808275
1,33.5969,-95.9213
1,30.49,-99.86
5,31.27934,-101.53797999999999
1,31.98,-98.74
7,32.40817142857143,-99.41511428571428
17,31.824958823529407,-96.38905294117647
17,32.219170588235286,-96.14837647058823
3,32.85103333333333,-95.03103333333333
2,33.1541,-97.2487
1,34.2016,-99.0534
2,33.224000000000004,-94.7975
2,31.12175,-97.94739999999999
1,33.3108,-98.0409
10,33.1142,-97.19371
2,30.205,-94.97
2,36.4559,-100.3235
1,32.95,-98.72
2,31.862000000000002,-94.356
1,26.1184,-98.1937
1,29.35,-99.1832
1,34.5894,-100.448
1,30.2487,-93.7695
2,31.039099999999998,-99.25999999999999
1,27.8685,-97.9442
1,29.366,-98.632
1,30.3097,-94.9875
1,34.33,-99.22
5,30.76696,-94.701
1,30.4207,-95.2025
6,29.440983333333335,-95.49178333333334
1,30.0675,-100.398
15,30.574353333333327,-95.66968666666668
3,32.18733333333333,-97.86710000000001
1,31.5734,-94.1269
1,32.0282,-102.339
5,29.3188,-98.66659999999999
1,28.881,-97.7177
1,26.5939,-97.6976
1,30.8345,-93.7514
20,32.932485,-96.33345
4,31.884999999999998,-101.0975
2,32.04565,-94.82775000000001
5,27.65184,-97.45578
2,26.28815,-97.7568
1,32.98,-100.42
1,34.7451,-100.22
1,27.7364,-97.3628
19,28.364368421052625,-97.98073684210527
1,26.1367,-97.6165
1,35.3109,-102.73
9,33.15742222222222,-100.1108888888889
1,33.63,-101.27
1,32.3939,-102.814
1,33.5045,-96.2504
1,29.6681,-94.8788
2,28.97795,-96.85390000000001
2,33.986999999999995,-101.74950000000001
1,30.4024,-96.957
3,35.01376666666666,-101.04766666666667
2,31.1872,-95.2582
1,32.6993,-95.5502
1,30.707,-94.871
14,32.018635714285715,-94.59237142857144
1,31.3157,-93.9751
1,34.4319,-101.225
1,30.3006,-103.775
2,34.185,-98.975
3,28.1855,-97.29706666666668
1,33.4475,-101.858
1,33.35,-100.48
19,32.666736842105266,-97.76705789473684
2,32.47735,-94.10495
2,32.9945,-98.797
5,32.178999999999995,-98.59920000000001
5,33.7087,-100.95899999999999
3,29.2548,-97.8171
2,34.89165,-102.941
2,34.37795,-100.9495
1,27.6816,-97.5303
1,29.33,-99.73
1,33.4805,-102.561
2,33.67125,-101.83
1,33.529,-102.02
3,35.410000000000004,-101.76333333333332
1,33.359,-97.0985
1,27.54,-97.77
1,27.4276,-97.8
3,33.6181,-90.12753333333332
3,30.741266666666665,-94.2409
3,33.216033333333336,-96.11973333333333
2,32.0716,-95.2075
1,34.51,-100.07
1,34.033,-98.602
1,32.757,-96.889
1,30.9255,-101.836
1,30.3808,-102.874
9,31.53163333333334,-100.6928
2,27.5584,-98.0908
2,35.8887,-101.72
1,33.5532,-94.8031
2,31.46895,-100.384
2,30.9003,-98.06385
3,36.22976666666667,-100.43633333333332
1,28.3177,-97.2761
1,29.3369,-94.9646
2,30.242150000000002,-94.9633
1,29.8018,-95.4824
1,33.1018,-99.613
3,36.229933333333335,-102.06366666666668
1,29.3788,-94.9056
1,35.4213,-101.045
1,32.7681,-95.0456
3,30.64406666666667,-94.33886666666666
3,32.3844,-94.87796666666667
1,35.539,-101.692
1,33.1602,-95.0703
9,33.08467777777778,-99.49452222222222
1,32.5124,-97.8082
4,33.17115,-100.69915
8,31.59395,-96.4419125
19,32.13056842105264,-98.02176842105264
1,31.0639,-93.992
5,32.710679999999996,-101.22999999999999
4,33.347325,-99.11030000000001
3,33.20296666666667,-97.58113333333334
6,33.722883333333336,-99.3478
5,32.96078,-98.3636
13,32.62823076923077,-96.2460076923077
1,31.9604,-95.0562
3,30.0685,-98.7232
5,28.0905,-98.34674
6,34.64071666666666,-100.22183333333334
2,31.3112,-103.36449999999999
26,32.50900769230769,-99.22635384615386
1,33.7847,-96.8082
1,30.4802,-103.46
10,30.338779999999996,-97.92445000000001
5,31.108420000000002,-96.22706000000001
19,31.298999999999996,-97.40267368421053
3,32.6807,-98.44623333333334
7,33.688985714285714,-100.94785714285715
2,33.4521,-100.73085
2,33.84,-102.4785
1,27.6689,-98.0918
2,27.71405,-97.83070000000001
1,29.5963,-95.3646
6,28.43915,-98.11423333333333
11,29.441918181818185,-95.24191818181818
1,32.79,-97.33
18,35.59345555555555,-101.00383333333333
3,32.213566666666665,-96.80466666666666
6,33.050333333333334,-96.2254
12,32.63758333333333,-96.4618
4,32.939125000000004,-94.548825
1,29.2382,-95.8865
1,32.79,-97.98
11,31.989781818181815,-97.63856363636364
1,32.9404,-97.3815
1,35.5621,-102.625
6,33.027166666666666,-100.65178333333334
2,29.1755,-97.23910000000001
2,29.9832,-95.13900000000001
1,30.5879,-102.7235
1,29.4714,-95.1001
4,33.453125,-97.45812500000001
3,30.535466666666668,-94.66283333333332
1,34.3475,-100.8193
10,32.369870000000006,-95.38108
2,30.8949,-94.0714
2,33.62605,-94.6369
5,35.98818,-101.29722000000001
17,33.98956470588235,-101.17085882352941
1,34.3068,-100.7142
1,36.04,-101.22
8,31.283900000000003,-96.95259999999999
1,31.0656,-94.1305
1,30.4034,-99.467
2,33.10145,-99.2065
1,27.9722,-97.4104
4,27.706425000000003,-97.9632
1,33.3092,-102.2315
2,35.608,-101.695
1,29.2668,-94.8259
1,34.4713,-101.4581
1,36.34,-101.41
1,31.9256,-102.4409
3,34.4986,-102.2848
2,30.8264,-93.8895
1,30.722,-97.582
7,31.769271428571432,-97.45081428571429
4,30.458199999999998,-95.749625
1,30.9883,-93.6172
3,32.70033333333333,-94.28899999999999
7,29.385857142857137,-95.75727142857143
7,29.66157142857143,-98.18201428571429
2,30.5472,-97.35595
2,28.9122,-95.85285
1,30.0929,-94.2291
1,30.3874,-103.6677
2,31.1327,-94.66364999999999
16,33.13034375,-100.61795624999999
14,30.941121428571424,-95.26502857142857
3,30.81976666666667,-95.94023333333332
3,32.0248,-95.66813333333334
1,34.0793,-99.14
7,34.50308571428572,-102.35277142857144
1,33.553,-97.1835
9,32.51612222222222,-95.80711111111113
2,31.71515,-94.61945
3,33.80666666666667,-102.7
7,33.82868571428571,-100.6916
5,32.32322,-95.00118
7,35.35142857142857,-100.43571428571428
6,33.04938333333334,-99.00718333333334
3,32.359700000000004,-99.2475
1,29.77,-95.95
2,29.224600000000002,-95.18785
1,30.395,-97.371
2,32.466750000000005,-94.7209
3,31.30316666666667,-101.56546666666668
1,25.9715,-97.3691
2,30.6593,-96.33070000000001
1,35.32,-101.71
9,29.119688888888888,-95.52358888888891
10,29.77469,-95.73852000000001
3,29.58406666666666,-95.4959
1,28.0531,-97.8921
1,29.4757,-95.0738
2,31.81845,-95.06805
1,30.2755,-93.9484
4,33.033500000000004,-95.20179999999999
1,30.76,-93.89
2,36.0774,-100.74475
1,33.3387,-102.3238
2,29.001199999999997,-97.45179999999999
3,28.663866666666667,-96.3898
1,30.98,-98.02
2,32.5107,-94.42445000000001
2,32.25005,-100.4135
1,30.5905,-97.8241
2,35.489999999999995,-100.5
1,33.13,-100.54
1,35.34,-101.41
1,35.448,-100.299
1,30.5615,-97.5903
1,31.4526,-93.7545
1,26.4842,-97.722
1,29.92,-93.88
1,32.2909,-101.5184
1,33.47,-101.88
1,34.61,-102.39
2,32.19685,-102.3003
10,31.840389999999996,-97.16094
7,30.218099999999996,-94.76675714285714
1,30.02,-94.34
2,34.3541,-100.83664999999999
1,32.7525,-96.6189
2,33.060249999999996,-102.32159999999999
5,31.66578,-98.87252000000001
3,35.361333333333334,-102.19613333333332
3,30.873433333333335,-96.9459
3,29.446066666666667,-96.17020000000001
10,31.287110000000002,-95.50618999999999
4,35.8283,-100.52362500000001
3,32.47813333333334,-102.25873333333334
3,31.292366666666666,-94.78193333333336
1,33.1913,-100.3658
6,32.98961666666667,-99.08821666666665
4,32.823325000000004,-98.99380000000001
2,30.821550000000002,-97.5207
7,30.13604285714286,-98.22868571428572
4,33.22475,-100.82775000000001
4,33.681275,-101.448425
13,34.66221538461539,-101.44623846153846
4,31.6282,-95.34822500000001
1,30.829,-102.559
10,31.857460000000003,-99.32611
2,30.777250000000002,-94.11335
9,33.26188888888888,-100.81864444444444
9,35.35483333333334,-101.20572222222224
4,34.174975,-101.67727500000001
7,35.08488571428572,-102.57342857142858
1,35.4774,-101.985
13,32.787146153846145,-96.24617692307692
1,30.1975,-103.1215
2,30.88325,-97.98825
1,34.6866,-102.5
4,32.871575,-97.190325
1,35.5174,-101.0515
1,32.6266,-94.5798
1,30.7163,-102.6794
2,35.01655,-101.1163
1,31.1466,-100.1096
1,26.1064,-97.1635
1,29.8409,-95.0007
1,31.3546,-105.3635
11,32.7262,-96.36786363636365
1,33.1039,-94.4987
10,32.253479999999996,-95.98420000000002
3,32.247366666666665,-94.28296666666665
1,31.7094,-97.1457
2,31.58195,-103.57215
1,33.26,-99.28
7,33.13457142857143,-98.28235714285714
3,32.42746666666667,-99.92083333333333
2,35.8219,-101.70994999999999
7,31.20085714285714,-97.59657142857142
4,32.3498,-95.07240000000002
3,33.703300000000006,-96.00616666666667
3,30.006899999999998,-97.27823333333333
1,31.17,-102.8647
6,32.462066666666665,-94.93186666666668
6,33.90253333333333,-98.43920000000001
1,32.995,-101.4639
1,29.5275,-98.7046
1,33.2226,-95.082
3,30.040733333333336,-95.77566666666667
2,35.19445,-101.162
1,34.946,-102.3314
1,35.1591,-101.893
1,36.298,-101.5286
1,33.55,-101.2
3,28.108999999999998,-97.71966666666667
2,27.5823,-97.7505
1,27.67,-97.63
1,35.5512,-100.5965
1,34.5706,-100.8394
1,32.692,-97.1472
1,32.0795,-94.1294
2,30.6495,-93.81035
1,32.0722,-96.4824
1,29.3974,-94.9259
2,33.820949999999996,-101.2079
17,34.64029411764706,-101.44829411764707
1,33.9621,-100.3
1,29.8757,-98.2665
2,31.75,-97.88
3,31.895833333333332,-94.75066666666667
6,34.1654,-99.77425
3,33.3967,-99.93653333333333
1,29.2992,-99.1021
6,32.43405,-97.22426666666667
1,35.5241,-101.0842
1,30.7166,-95.5727
2,30.640349999999998,-95.32045
8,32.624575,-98.02872500000001
3,33.6993,-101.96839999999999
4,31.159049999999997,-99.18445
2,31.9436,-94.7433
5,35.907259999999994,-101.32861999999999
2,30.0047,-100.38585
6,36.29388333333333,-102.21835
2,30.6021,-102.80235
3,31.995,-95.16816666666666
1,35.2606,-100.6701
1,33.5853,-102.2992
1,27.97,-97.51
1,29.5231,-94.5721
1,29.922,-95.7281
4,30.0779,-94.25415
2,32.4013,-94.17035000000001
1,30.388,-95.3073
